{
  "main": {
    "id": "9598128e2284fbd2",
    "type": "split",
    "children": [
      {
        "id": "f04dc6b7acdc8b5f",
        "type": "tabs",
        "children": [
          {
            "id": "32abc365923320ae",
            "type": "leaf",
            "state": {
              "type": "markdown",
              "state": {
                "file": "summary.md",
                "mode": "source",
                "source": false
              }
            }
          },
          {
            "id": "2e4504b97415e0ac",
            "type": "leaf",
            "state": {
              "type": "markdown",
              "state": {
                "file": "daily/2024-07-26.md",
                "mode": "source",
                "source": false
              }
            }
          }
        ]
      }
    ],
    "direction": "vertical"
  },
  "left": {
    "id": "c127831068314615",
    "type": "split",
    "children": [
      {
        "id": "7af6aa07a42666be",
        "type": "tabs",
        "children": [
          {
            "id": "938883e844f83726",
            "type": "leaf",
            "state": {
              "type": "file-explorer",
              "state": {
                "sortOrder": "alphabetical"
              }
            }
          },
          {
            "id": "e3cede7b2ea965fa",
            "type": "leaf",
            "state": {
              "type": "search",
              "state": {
                "query": "",
                "matchingCase": false,
                "explainSearch": false,
                "collapseAll": false,
                "extraContext": false,
                "sortOrder": "alphabetical"
              }
            }
          },
          {
            "id": "f049db79ca2442dc",
            "type": "leaf",
            "state": {
              "type": "bookmarks",
              "state": {}
            }
          }
        ]
      }
    ],
    "direction": "horizontal",
    "width": 300
  },
  "right": {
    "id": "8c640a72c1ecdf97",
    "type": "split",
    "children": [
      {
        "id": "090fe5f3a6e75b2f",
        "type": "tabs",
        "children": [
          {
            "id": "f1ad6bd1339ab41a",
            "type": "leaf",
            "state": {
              "type": "backlink",
              "state": {
                "file": "summary.md",
                "collapseAll": false,
                "extraContext": false,
                "sortOrder": "alphabetical",
                "showSearch": false,
                "searchQuery": "",
                "backlinkCollapsed": false,
                "unlinkedCollapsed": true
              }
            }
          },
          {
            "id": "31ab461910c18e24",
            "type": "leaf",
            "state": {
              "type": "outgoing-link",
              "state": {
                "file": "summary.md",
                "linksCollapsed": false,
                "unlinkedCollapsed": true
              }
            }
          },
          {
            "id": "9d08f81077da75ce",
            "type": "leaf",
            "state": {
              "type": "tag",
              "state": {
                "sortOrder": "frequency",
                "useHierarchy": true
              }
            }
          },
          {
            "id": "ecfde00af4c0335a",
            "type": "leaf",
            "state": {
              "type": "outline",
              "state": {
                "file": "summary.md"
              }
            }
          }
        ]
      }
    ],
    "direction": "horizontal",
    "width": 300,
    "collapsed": true
  },
  "left-ribbon": {
    "hiddenItems": {
      "switcher:Open quick switcher": false,
      "graph:Open graph view": false,
      "canvas:Create new canvas": false,
      "daily-notes:Open today's daily note": false,
      "templates:Insert template": false,
      "command-palette:Open command palette": false
    }
  },
  "active": "32abc365923320ae",
  "lastOpenFiles": [
    "lifeTasks.md",
    "summary.md",
    "events/internPresentation.md",
    "daily/2024-07-26.md",
    "lifeTasks/civicTest.md",
    "Untitled.md",
    "lifeTasks/Untitled.md",
    "else/template.md",
    "else",
    "buy.md",
    "daily",
    "daily.md",
    "events/dad arrives.md",
    "events",
    "leetCode",
    "lifeTasks/writeISS.md",
    "lifeTasks/updateResume.md",
    "lifeTasks",
    "daily",
    "create a link.md",
    "Welcome.md"
  ]
}